transaction_id,merchant_reference,processor,payment_method,status,currency,captured_amount_minor,capture_date
DMO-NU-0001,DMO-MC-0001,NUSAPAY,credit_card,CAPTURED,IDR,35936014,2026-07-02T09:00:00.000Z
DMO-SI-0002,DMO-MC-0002,SIAMLINK,credit_card,CAPTURED,THB,65582,2026-07-12T09:00:00.000Z
DMO-ME-0003,DMO-MC-0003,MEKONGPAY,credit_card,CAPTURED,VND,15307373,2026-07-18T09:00:00.000Z
DMO-NU-0004,DMO-MC-0004,NUSAPAY,bank_transfer,CAPTURED,IDR,85901017,2026-07-03T09:00:00.000Z
DMO-SI-0005,DMO-MC-0005,SIAMLINK,bank_transfer,CAPTURED,THB,97846,2026-07-20T09:00:00.000Z
DMO-ME-0006,DMO-MC-0006,MEKONGPAY,bank_transfer,CAPTURED,VND,14942027,2026-07-05T09:00:00.000Z
DMO-NU-0007,DMO-MC-0007,NUSAPAY,e_wallet,CAPTURED,IDR,1812509,2026-07-08T09:00:00.000Z
DMO-SI-0008,DMO-MC-0008,SIAMLINK,e_wallet,CAPTURED,THB,445494,2026-07-09T09:00:00.000Z
DMO-ME-0009,DMO-MC-0009,MEKONGPAY,e_wallet,CAPTURED,VND,9377927,2026-07-13T09:00:00.000Z
DMO-NU-0010,DMO-MC-0010,NUSAPAY,credit_card,CAPTURED,IDR,67683749,2026-07-21T09:00:00.000Z
DMO-SI-0011,DMO-MC-0011,SIAMLINK,credit_card,CAPTURED,THB,22302,2026-07-21T09:00:00.000Z
DMO-ME-0012,DMO-MC-0012,MEKONGPAY,credit_card,CAPTURED,VND,9627803,2026-07-10T09:00:00.000Z
DMO-NU-0013,DMO-MC-0013,NUSAPAY,bank_transfer,CAPTURED,IDR,68857257,2026-07-15T09:00:00.000Z
DMO-SI-0014,DMO-MC-0014,SIAMLINK,bank_transfer,CAPTURED,THB,308030,2026-07-02T09:00:00.000Z
DMO-ME-0015,DMO-MC-0015,MEKONGPAY,bank_transfer,CAPTURED,VND,10439604,2026-07-09T09:00:00.000Z
DMO-NU-0016,DMO-MC-0016,NUSAPAY,e_wallet,CAPTURED,IDR,42205397,2026-07-19T09:00:00.000Z
DMO-SI-0017,DMO-MC-0017,SIAMLINK,e_wallet,CAPTURED,THB,234426,2026-07-06T09:00:00.000Z
DMO-ME-0018,DMO-MC-0018,MEKONGPAY,e_wallet,CAPTURED,VND,18367485,2026-07-11T09:00:00.000Z
DMO-NU-0019,DMO-MC-0019,NUSAPAY,credit_card,CAPTURED,IDR,59148620,2026-07-05T09:00:00.000Z
DMO-SI-0020,DMO-MC-0020,SIAMLINK,credit_card,CAPTURED,THB,217497,2026-07-11T09:00:00.000Z
DMO-ME-0021,DMO-MC-0021,MEKONGPAY,credit_card,CAPTURED,VND,10481440,2026-07-06T09:00:00.000Z
DMO-NU-0022,DMO-MC-0022,NUSAPAY,bank_transfer,CAPTURED,IDR,58079994,2026-07-13T09:00:00.000Z
DMO-SI-0023,DMO-MC-0023,SIAMLINK,bank_transfer,CAPTURED,THB,166560,2026-07-01T09:00:00.000Z
DMO-ME-0024,DMO-MC-0024,MEKONGPAY,bank_transfer,CAPTURED,VND,17027293,2026-07-21T09:00:00.000Z
DMO-NU-0025,DMO-MC-0025,NUSAPAY,e_wallet,CAPTURED,IDR,35980720,2026-07-04T09:00:00.000Z
DMO-SI-0026,DMO-MC-0026,SIAMLINK,e_wallet,CAPTURED,THB,458085,2026-07-04T09:00:00.000Z
DMO-ME-0027,DMO-MC-0027,MEKONGPAY,e_wallet,CAPTURED,VND,15731008,2026-07-14T09:00:00.000Z
DMO-NU-0028,DMO-MC-0028,NUSAPAY,credit_card,CAPTURED,IDR,72033697,2026-07-13T09:00:00.000Z
DMO-SI-0029,DMO-MC-0029,SIAMLINK,credit_card,CAPTURED,THB,91967,2026-07-19T09:00:00.000Z
DMO-ME-0030,DMO-MC-0030,MEKONGPAY,credit_card,CAPTURED,VND,14591988,2026-07-14T09:00:00.000Z
DMO-NU-0031,DMO-MC-0031,NUSAPAY,bank_transfer,CAPTURED,IDR,58825941,2026-07-17T09:00:00.000Z
DMO-SI-0032,DMO-MC-0032,SIAMLINK,bank_transfer,CAPTURED,THB,196148,2026-07-03T09:00:00.000Z
DMO-ME-0033,DMO-MC-0033,MEKONGPAY,bank_transfer,CAPTURED,VND,1929464,2026-07-11T09:00:00.000Z
DMO-NU-0034,DMO-MC-0034,NUSAPAY,e_wallet,CAPTURED,IDR,21362451,2026-07-19T09:00:00.000Z
DMO-SI-0035,DMO-MC-0035,SIAMLINK,e_wallet,CAPTURED,THB,398629,2026-07-15T09:00:00.000Z
DMO-ME-0036,DMO-MC-0036,MEKONGPAY,e_wallet,CAPTURED,VND,9997775,2026-07-09T09:00:00.000Z
DMO-NU-0037,DMO-MC-0037,NUSAPAY,credit_card,CAPTURED,IDR,31365078,2026-07-15T09:00:00.000Z
DMO-SI-0038,DMO-MC-0038,SIAMLINK,credit_card,CAPTURED,THB,257537,2026-07-04T09:00:00.000Z
DMO-ME-0039,DMO-MC-0039,MEKONGPAY,credit_card,CAPTURED,VND,16115308,2026-07-19T09:00:00.000Z
DMO-NU-0040,DMO-MC-0040,NUSAPAY,bank_transfer,CAPTURED,IDR,46599274,2026-07-11T09:00:00.000Z
DMO-SI-0041,DMO-MC-0041,SIAMLINK,bank_transfer,CAPTURED,THB,445029,2026-07-21T09:00:00.000Z
DMO-ME-0042,DMO-MC-0042,MEKONGPAY,bank_transfer,CAPTURED,VND,16707872,2026-07-17T09:00:00.000Z
DMO-NU-0043,DMO-MC-0043,NUSAPAY,e_wallet,CAPTURED,IDR,37542005,2026-07-03T09:00:00.000Z
DMO-SI-0044,DMO-MC-0044,SIAMLINK,e_wallet,CAPTURED,THB,465304,2026-07-02T09:00:00.000Z
DMO-ME-0045,DMO-MC-0045,MEKONGPAY,e_wallet,CAPTURED,VND,10278529,2026-07-16T09:00:00.000Z
DMO-NU-0046,DMO-MC-0046,NUSAPAY,credit_card,CAPTURED,IDR,27241928,2026-07-07T09:00:00.000Z
DMO-SI-0047,DMO-MC-0047,SIAMLINK,credit_card,CAPTURED,THB,91685,2026-07-19T09:00:00.000Z
DMO-ME-0048,DMO-MC-0048,MEKONGPAY,credit_card,CAPTURED,VND,16837500,2026-07-16T09:00:00.000Z
DMO-NU-0049,DMO-MC-0049,NUSAPAY,bank_transfer,CAPTURED,IDR,9378590,2026-07-13T09:00:00.000Z
DMO-SI-0050,DMO-MC-0050,SIAMLINK,bank_transfer,CAPTURED,THB,263608,2026-07-18T09:00:00.000Z
DMO-ME-0051,DMO-MC-0051,MEKONGPAY,bank_transfer,CAPTURED,VND,7095116,2026-07-09T09:00:00.000Z
DMO-NU-0052,DMO-MC-0052,NUSAPAY,e_wallet,CAPTURED,IDR,12879495,2026-07-08T09:00:00.000Z
DMO-SI-0053,DMO-MC-0053,SIAMLINK,e_wallet,CAPTURED,THB,398345,2026-07-20T09:00:00.000Z
DMO-ME-0054,DMO-MC-0054,MEKONGPAY,e_wallet,CAPTURED,VND,8833449,2026-07-06T09:00:00.000Z
DMO-NU-0055,DMO-MC-0055,NUSAPAY,credit_card,CAPTURED,IDR,57865959,2026-07-04T09:00:00.000Z
DMO-SI-0056,DMO-MC-0056,SIAMLINK,credit_card,CAPTURED,THB,464005,2026-07-01T09:00:00.000Z
DMO-ME-0057,DMO-MC-0057,MEKONGPAY,credit_card,CAPTURED,VND,18813535,2026-07-13T09:00:00.000Z
DMO-NU-0058,DMO-MC-0058,NUSAPAY,bank_transfer,CAPTURED,IDR,87402515,2026-07-07T09:00:00.000Z
DMO-SI-0059,DMO-MC-0059,SIAMLINK,bank_transfer,CAPTURED,THB,289619,2026-07-08T09:00:00.000Z
DMO-ME-0060,DMO-MC-0060,MEKONGPAY,bank_transfer,CAPTURED,VND,14486986,2026-07-04T09:00:00.000Z
DMO-NU-0061,DMO-MC-0061,NUSAPAY,e_wallet,CAPTURED,IDR,27898849,2026-07-09T09:00:00.000Z
DMO-SI-0062,DMO-MC-0062,SIAMLINK,e_wallet,CAPTURED,THB,357957,2026-07-09T09:00:00.000Z
DMO-ME-0063,DMO-MC-0063,MEKONGPAY,e_wallet,CAPTURED,VND,9898303,2026-07-11T09:00:00.000Z
DMO-NU-0064,DMO-MC-0064,NUSAPAY,credit_card,CAPTURED,IDR,63002041,2026-07-14T09:00:00.000Z
DMO-SI-0065,DMO-MC-0065,SIAMLINK,credit_card,CAPTURED,THB,178287,2026-07-30T09:00:00.000Z
DMO-ME-0066,DMO-MC-0066,MEKONGPAY,credit_card,CAPTURED,VND,18355096,2026-07-28T09:00:00.000Z
DMO-NU-0067,DMO-MC-0067,NUSAPAY,bank_transfer,CAPTURED,IDR,3623521,2026-07-30T09:00:00.000Z
DMO-SI-0068,DMO-MC-0068,SIAMLINK,bank_transfer,CAPTURED,THB,461112,2026-07-25T09:00:00.000Z
DMO-ME-0069,DMO-MC-0069,MEKONGPAY,bank_transfer,CAPTURED,VND,14366733,2026-07-24T09:00:00.000Z
DMO-NU-0070,DMO-MC-0070,NUSAPAY,e_wallet,CAPTURED,IDR,20312776,2026-07-29T09:00:00.000Z
DMO-SI-0071,DMO-MC-0071,SIAMLINK,e_wallet,CAPTURED,THB,225749,2026-07-30T09:00:00.000Z
DMO-ME-0072,DMO-MC-0072,MEKONGPAY,e_wallet,CAPTURED,VND,3341980,2026-07-29T09:00:00.000Z
DMO-NU-0073,DMO-MC-0073,NUSAPAY,credit_card,CAPTURED,IDR,75966899,2026-07-28T09:00:00.000Z
DMO-SI-0074,DMO-MC-0074,SIAMLINK,credit_card,CAPTURED,THB,256795,2026-07-30T09:00:00.000Z
DMO-ME-0075,DMO-MC-0075,MEKONGPAY,credit_card,CAPTURED,VND,17682815,2026-07-29T09:00:00.000Z
DMO-NU-0076,DMO-MC-0076,NUSAPAY,bank_transfer,CAPTURED,IDR,29900680,2026-07-24T09:00:00.000Z
DMO-SI-0077,DMO-MC-0077,SIAMLINK,bank_transfer,CAPTURED,THB,257679,2026-07-29T09:00:00.000Z
DMO-ME-0078,DMO-MC-0078,MEKONGPAY,bank_transfer,CAPTURED,VND,7315559,2026-07-29T09:00:00.000Z
DMO-NU-0079,DMO-MC-0079,NUSAPAY,e_wallet,CAPTURED,IDR,81983155,2026-07-29T09:00:00.000Z
DMO-SI-0080,DMO-MC-0080,SIAMLINK,e_wallet,CAPTURED,THB,57811,2026-07-30T09:00:00.000Z
DMO-ME-0081,DMO-MC-0081,MEKONGPAY,e_wallet,CAPTURED,VND,11275725,2026-07-30T09:00:00.000Z
DMO-NU-0082,DMO-MC-0082,NUSAPAY,credit_card,CAPTURED,IDR,15862198,2026-07-28T09:00:00.000Z
DMO-SI-0083,DMO-MC-0083,SIAMLINK,credit_card,CAPTURED,THB,72231,2026-07-28T09:00:00.000Z
DMO-ME-0084,DMO-MC-0084,MEKONGPAY,credit_card,CAPTURED,VND,4092937,2026-07-30T09:00:00.000Z
DMO-NU-0085,DMO-MC-0085,NUSAPAY,bank_transfer,CAPTURED,IDR,67873328,2026-07-25T09:00:00.000Z
DMO-SI-0086,DMO-MC-0086,SIAMLINK,bank_transfer,CAPTURED,THB,225844,2026-07-29T09:00:00.000Z
DMO-ME-0087,DMO-MC-0087,MEKONGPAY,bank_transfer,CAPTURED,VND,4695148,2026-07-25T09:00:00.000Z
DMO-NU-0088,DMO-MC-0088,NUSAPAY,e_wallet,CAPTURED,IDR,72397552,2026-07-30T09:00:00.000Z
DMO-SI-0089,DMO-MC-0089,SIAMLINK,e_wallet,CAPTURED,THB,461760,2026-07-29T09:00:00.000Z
DMO-ME-0090,DMO-MC-0090,MEKONGPAY,e_wallet,CAPTURED,VND,17138458,2026-07-30T09:00:00.000Z
DMO-NU-0091,DMO-MC-0091,NUSAPAY,credit_card,CAPTURED,IDR,13205837,2026-07-28T09:00:00.000Z
DMO-SI-0092,DMO-MC-0092,SIAMLINK,credit_card,CAPTURED,THB,301138,2026-07-29T09:00:00.000Z
DMO-ME-0093,DMO-MC-0093,MEKONGPAY,credit_card,CAPTURED,VND,14939211,2026-07-28T09:00:00.000Z
DMO-NU-0094,DMO-MC-0094,NUSAPAY,bank_transfer,CAPTURED,IDR,27546640,2026-07-24T09:00:00.000Z
DMO-SI-0095,DMO-MC-0095,SIAMLINK,bank_transfer,CAPTURED,THB,476038,2026-07-30T09:00:00.000Z
DMO-ME-0096,DMO-MC-0096,MEKONGPAY,bank_transfer,CAPTURED,VND,5966061,2026-07-30T09:00:00.000Z
DMO-NU-0097,DMO-MC-0097,NUSAPAY,e_wallet,CAPTURED,IDR,40138347,2026-07-30T09:00:00.000Z
DMO-SI-0098,DMO-MC-0098,SIAMLINK,e_wallet,CAPTURED,THB,133664,2026-07-29T09:00:00.000Z
DMO-ME-0099,DMO-MC-0099,MEKONGPAY,e_wallet,CAPTURED,VND,13296501,2026-07-30T09:00:00.000Z
DMO-NU-0100,DMO-MC-0100,NUSAPAY,credit_card,CAPTURED,IDR,27630349,2026-07-28T09:00:00.000Z
DMO-SI-0101,DMO-MC-0101,SIAMLINK,credit_card,CAPTURED,THB,92070,2026-07-30T09:00:00.000Z
DMO-ME-0102,DMO-MC-0102,MEKONGPAY,credit_card,CAPTURED,VND,13105164,2026-07-28T09:00:00.000Z
DMO-NU-0103,DMO-MC-0103,NUSAPAY,bank_transfer,CAPTURED,IDR,57285979,2026-07-30T09:00:00.000Z
DMO-SI-0104,DMO-MC-0104,SIAMLINK,bank_transfer,CAPTURED,THB,136522,2026-07-26T09:00:00.000Z
DMO-ME-0105,DMO-MC-0105,MEKONGPAY,bank_transfer,CAPTURED,VND,4521607,2026-07-27T09:00:00.000Z
DMO-NU-0106,DMO-MC-0106,NUSAPAY,e_wallet,CAPTURED,IDR,54866297,2026-07-29T09:00:00.000Z
DMO-SI-0107,DMO-MC-0107,SIAMLINK,e_wallet,CAPTURED,THB,225905,2026-07-30T09:00:00.000Z
DMO-ME-0108,DMO-MC-0108,MEKONGPAY,e_wallet,CAPTURED,VND,11646792,2026-07-30T09:00:00.000Z
DMO-NU-0109,DMO-MC-0109,NUSAPAY,credit_card,CAPTURED,IDR,50508445,2026-07-30T09:00:00.000Z
DMO-SI-0110,DMO-MC-0110,SIAMLINK,credit_card,CAPTURED,THB,327243,2026-07-28T09:00:00.000Z
DMO-ME-0111,DMO-MC-0111,MEKONGPAY,credit_card,CAPTURED,VND,4108752,2026-07-29T09:00:00.000Z
DMO-NU-0112,DMO-MC-0112,NUSAPAY,bank_transfer,CAPTURED,IDR,63733212,2026-07-28T09:00:00.000Z
DMO-SI-0113,DMO-MC-0113,SIAMLINK,bank_transfer,CAPTURED,THB,21821,2026-07-25T09:00:00.000Z
DMO-ME-0114,DMO-MC-0114,MEKONGPAY,bank_transfer,CAPTURED,VND,7873875,2026-07-29T09:00:00.000Z
DMO-NU-0115,DMO-MC-0115,NUSAPAY,e_wallet,CAPTURED,IDR,68718573,2026-07-29T09:00:00.000Z
DMO-SI-0116,DMO-MC-0116,SIAMLINK,e_wallet,CAPTURED,THB,347260,2026-07-29T09:00:00.000Z
DMO-ME-0117,DMO-MC-0117,MEKONGPAY,e_wallet,CAPTURED,VND,13760021,2026-07-29T09:00:00.000Z
DMO-NU-0118,DMO-MC-0118,NUSAPAY,credit_card,CAPTURED,IDR,15296236,2026-07-29T09:00:00.000Z
DMO-SI-0119,DMO-MC-0119,SIAMLINK,credit_card,CAPTURED,THB,318350,2026-07-30T09:00:00.000Z
DMO-ME-0120,DMO-MC-0120,MEKONGPAY,credit_card,CAPTURED,VND,4947554,2026-07-28T09:00:00.000Z
DMO-NU-0121,DMO-MC-0121,NUSAPAY,bank_transfer,CAPTURED,IDR,13161660,2026-07-24T09:00:00.000Z
DMO-SI-0122,DMO-MC-0122,SIAMLINK,bank_transfer,CAPTURED,THB,359222,2026-07-29T09:00:00.000Z
DMO-ME-0123,DMO-MC-0123,MEKONGPAY,bank_transfer,CAPTURED,VND,5067508,2026-07-25T09:00:00.000Z
DMO-NU-0124,DMO-MC-0124,NUSAPAY,e_wallet,CAPTURED,IDR,12218180,2026-07-30T09:00:00.000Z
DMO-SI-0125,DMO-MC-0125,SIAMLINK,e_wallet,CAPTURED,THB,332579,2026-07-29T09:00:00.000Z
DMO-ME-0126,DMO-MC-0126,MEKONGPAY,e_wallet,CAPTURED,VND,3337220,2026-07-29T09:00:00.000Z
DMO-NU-0127,DMO-MC-0127,NUSAPAY,credit_card,CAPTURED,IDR,63317673,2026-07-30T09:00:00.000Z
DMO-SI-0128,DMO-MC-0128,SIAMLINK,credit_card,CAPTURED,THB,69233,2026-07-30T09:00:00.000Z
DMO-ME-0129,DMO-MC-0129,MEKONGPAY,credit_card,CAPTURED,VND,17546644,2026-07-30T09:00:00.000Z
DMO-NU-0130,DMO-MC-0130,NUSAPAY,bank_transfer,CAPTURED,IDR,25548020,2026-07-24T09:00:00.000Z
DMO-SI-0131,DMO-MC-0131,SIAMLINK,bank_transfer,CAPTURED,THB,421221,2026-07-30T09:00:00.000Z
DMO-ME-0132,DMO-MC-0132,MEKONGPAY,bank_transfer,CAPTURED,VND,7215061,2026-07-25T09:00:00.000Z
DMO-NU-0133,DMO-MC-0133,NUSAPAY,e_wallet,CAPTURED,IDR,60822199,2026-07-29T09:00:00.000Z
DMO-SI-0134,DMO-MC-0134,SIAMLINK,e_wallet,CAPTURED,THB,133838,2026-07-30T09:00:00.000Z
DMO-ME-0135,DMO-MC-0135,MEKONGPAY,e_wallet,CAPTURED,VND,15241802,2026-07-30T09:00:00.000Z
DMO-NU-0136,DMO-MC-0136,NUSAPAY,credit_card,CAPTURED,IDR,50173677,2026-07-28T09:00:00.000Z
DMO-SI-0137,DMO-MC-0137,SIAMLINK,credit_card,CAPTURED,THB,353746,2026-07-29T09:00:00.000Z
DMO-ME-0138,DMO-MC-0138,MEKONGPAY,credit_card,CAPTURED,VND,1421690,2026-07-30T09:00:00.000Z
DMO-NU-0139,DMO-MC-0139,NUSAPAY,bank_transfer,CAPTURED,IDR,44425858,2026-07-25T09:00:00.000Z
DMO-SI-0140,DMO-MC-0140,SIAMLINK,bank_transfer,CAPTURED,THB,113767,2026-07-26T09:00:00.000Z
DMO-ME-0141,DMO-MC-0141,MEKONGPAY,bank_transfer,CAPTURED,VND,10365536,2026-07-27T09:00:00.000Z
DMO-NU-0142,DMO-MC-0142,NUSAPAY,e_wallet,CAPTURED,IDR,17256355,2026-07-30T09:00:00.000Z
DMO-SI-0143,DMO-MC-0143,SIAMLINK,e_wallet,CAPTURED,THB,98076,2026-07-30T09:00:00.000Z
DMO-ME-0144,DMO-MC-0144,MEKONGPAY,e_wallet,CAPTURED,VND,18673133,2026-07-30T09:00:00.000Z
DMO-NU-0145,DMO-MC-0145,NUSAPAY,credit_card,CAPTURED,IDR,45991967,2026-07-30T09:00:00.000Z
DMO-SI-0146,DMO-MC-0146,SIAMLINK,credit_card,CAPTURED,THB,93991,2026-07-29T09:00:00.000Z
DMO-ME-0147,DMO-MC-0147,MEKONGPAY,credit_card,CAPTURED,VND,13364017,2026-07-28T09:00:00.000Z
DMO-NU-0148,DMO-MC-0148,NUSAPAY,bank_transfer,CAPTURED,IDR,82751644,2026-07-29T09:00:00.000Z
DMO-SI-0149,DMO-MC-0149,SIAMLINK,bank_transfer,CAPTURED,THB,350591,2026-07-27T09:00:00.000Z
DMO-ME-0150,DMO-MC-0150,MEKONGPAY,bank_transfer,CAPTURED,VND,6383535,2026-07-26T09:00:00.000Z
DMO-NU-0151,DMO-MC-0151,NUSAPAY,e_wallet,CAPTURED,IDR,13002945,2026-07-30T09:00:00.000Z
DMO-SI-0152,DMO-MC-0152,SIAMLINK,e_wallet,CAPTURED,THB,206042,2026-07-30T09:00:00.000Z
DMO-ME-0153,DMO-MC-0153,MEKONGPAY,e_wallet,CAPTURED,VND,11514395,2026-07-29T09:00:00.000Z
DMO-NU-0154,DMO-MC-0154,NUSAPAY,credit_card,CAPTURED,IDR,80324937,2026-07-30T09:00:00.000Z
DMO-SI-0155,DMO-MC-0155,SIAMLINK,credit_card,CAPTURED,THB,12475,2026-07-30T09:00:00.000Z
DMO-ME-0156,DMO-MC-0156,MEKONGPAY,credit_card,CAPTURED,VND,6003421,2026-07-29T09:00:00.000Z
DMO-NU-0157,DMO-MC-0157,NUSAPAY,bank_transfer,AUTHORIZED,IDR,,
DMO-SI-0158,DMO-MC-0158,SIAMLINK,bank_transfer,AUTHORIZED,THB,,
DMO-ME-0159,DMO-MC-0159,MEKONGPAY,bank_transfer,AUTHORIZED,VND,,
DMO-NU-0160,DMO-MC-0160,NUSAPAY,e_wallet,AUTHORIZED,IDR,,
DMO-SI-0161,DMO-MC-0161,SIAMLINK,e_wallet,AUTHORIZED,THB,,
DMO-ME-0162,DMO-MC-0162,MEKONGPAY,e_wallet,AUTHORIZED,VND,,
DMO-NU-0163,DMO-MC-0163,NUSAPAY,credit_card,AUTHORIZED,IDR,,
DMO-SI-0164,DMO-MC-0164,SIAMLINK,credit_card,AUTHORIZED,THB,,
DMO-ME-0165,DMO-MC-0165,MEKONGPAY,credit_card,AUTHORIZED,VND,,
DMO-NU-0166,DMO-MC-0166,NUSAPAY,bank_transfer,AUTHORIZED,IDR,,
DMO-SI-0167,DMO-MC-0167,SIAMLINK,bank_transfer,AUTHORIZED,THB,,
DMO-ME-0168,DMO-MC-0168,MEKONGPAY,bank_transfer,AUTHORIZED,VND,,
DMO-NU-0169,DMO-MC-0169,NUSAPAY,e_wallet,AUTHORIZED,IDR,,
DMO-SI-0170,DMO-MC-0170,SIAMLINK,e_wallet,AUTHORIZED,THB,,
DMO-ME-0171,DMO-MC-0171,MEKONGPAY,e_wallet,AUTHORIZED,VND,,
DMO-NU-0172,DMO-MC-0172,NUSAPAY,credit_card,AUTHORIZED,IDR,,
DMO-SI-0173,DMO-MC-0173,SIAMLINK,credit_card,AUTHORIZED,THB,,
DMO-ME-0174,DMO-MC-0174,MEKONGPAY,credit_card,AUTHORIZED,VND,,
DMO-NU-0175,DMO-MC-0175,NUSAPAY,bank_transfer,AUTHORIZED,IDR,,
DMO-SI-0176,DMO-MC-0176,SIAMLINK,bank_transfer,AUTHORIZED,THB,,
DMO-ME-0177,DMO-MC-0177,MEKONGPAY,bank_transfer,AUTHORIZED,VND,,
DMO-NU-0178,DMO-MC-0178,NUSAPAY,e_wallet,AUTHORIZED,IDR,,
DMO-SI-0179,DMO-MC-0179,SIAMLINK,e_wallet,AUTHORIZED,THB,,
DMO-ME-0180,DMO-MC-0180,MEKONGPAY,e_wallet,AUTHORIZED,VND,,
DMO-NU-0181,DMO-MC-0181,NUSAPAY,credit_card,AUTHORIZED,IDR,,
DMO-SI-0182,DMO-MC-0182,SIAMLINK,credit_card,AUTHORIZED,THB,,
DMO-ME-0183,DMO-MC-0183,MEKONGPAY,credit_card,AUTHORIZED,VND,,
DMO-NU-0184,DMO-MC-0184,NUSAPAY,bank_transfer,AUTHORIZED,IDR,,
DMO-SI-0185,DMO-MC-0185,SIAMLINK,bank_transfer,AUTHORIZED,THB,,
DMO-ME-0186,DMO-MC-0186,MEKONGPAY,bank_transfer,AUTHORIZED,VND,,
DMO-NU-0187,DMO-MC-0187,NUSAPAY,e_wallet,AUTHORIZED,IDR,,
DMO-SI-0188,DMO-MC-0188,SIAMLINK,e_wallet,AUTHORIZED,THB,,
DMO-ME-0189,DMO-MC-0189,MEKONGPAY,e_wallet,AUTHORIZED,VND,,
DMO-NU-0190,DMO-MC-0190,NUSAPAY,credit_card,AUTHORIZED,IDR,,
DMO-SI-0191,DMO-MC-0191,SIAMLINK,credit_card,AUTHORIZED,THB,,
DMO-ME-0192,DMO-MC-0192,MEKONGPAY,credit_card,AUTHORIZED,VND,,
DMO-NU-0193,DMO-MC-0193,NUSAPAY,bank_transfer,AUTHORIZED,IDR,,
DMO-SI-0194,DMO-MC-0194,SIAMLINK,bank_transfer,AUTHORIZED,THB,,
DMO-ME-0195,DMO-MC-0195,MEKONGPAY,bank_transfer,AUTHORIZED,VND,,
DMO-NU-0196,DMO-MC-0196,NUSAPAY,e_wallet,AUTHORIZED,IDR,,
DMO-SI-0197,DMO-MC-0197,SIAMLINK,e_wallet,AUTHORIZED,THB,,
DMO-ME-0198,DMO-MC-0198,MEKONGPAY,e_wallet,AUTHORIZED,VND,,
DMO-NU-0199,DMO-MC-0199,NUSAPAY,credit_card,AUTHORIZED,IDR,,
DMO-SI-0200,DMO-MC-0200,SIAMLINK,credit_card,AUTHORIZED,THB,,
DMO-ME-0201,DMO-MC-0201,MEKONGPAY,credit_card,AUTHORIZED,VND,,
DMO-NU-0202,DMO-MC-0202,NUSAPAY,bank_transfer,AUTHORIZED,IDR,,
DMO-SI-0203,DMO-MC-0203,SIAMLINK,bank_transfer,AUTHORIZED,THB,,
DMO-ME-0204,DMO-MC-0204,MEKONGPAY,bank_transfer,AUTHORIZED,VND,,
DMO-NU-0205,DMO-MC-0205,NUSAPAY,e_wallet,AUTHORIZED,IDR,,
DMO-SI-0206,DMO-MC-0206,SIAMLINK,e_wallet,AUTHORIZED,THB,,
DMO-ME-0207,DMO-MC-0207,MEKONGPAY,e_wallet,AUTHORIZED,VND,,
DMO-NU-0208,DMO-MC-0208,NUSAPAY,credit_card,AUTHORIZED,IDR,,
DMO-SI-0209,DMO-MC-0209,SIAMLINK,credit_card,AUTHORIZED,THB,,
DMO-ME-0210,DMO-MC-0210,MEKONGPAY,credit_card,AUTHORIZED,VND,,
DMO-NU-0211,DMO-MC-0211,NUSAPAY,bank_transfer,AUTHORIZED,IDR,,
DMO-SI-0212,DMO-MC-0212,SIAMLINK,bank_transfer,AUTHORIZED,THB,,
DMO-ME-0213,DMO-MC-0213,MEKONGPAY,bank_transfer,AUTHORIZED,VND,,
DMO-NU-0214,DMO-MC-0214,NUSAPAY,e_wallet,AUTHORIZED,IDR,,
DMO-SI-0215,DMO-MC-0215,SIAMLINK,e_wallet,AUTHORIZED,THB,,
DMO-ME-0216,DMO-MC-0216,MEKONGPAY,e_wallet,AUTHORIZED,VND,,
DMO-NU-0217,DMO-MC-0217,NUSAPAY,credit_card,AUTHORIZED,IDR,,
DMO-SI-0218,DMO-MC-0218,SIAMLINK,credit_card,AUTHORIZED,THB,,
DMO-ME-0219,DMO-MC-0219,MEKONGPAY,credit_card,AUTHORIZED,VND,,
DMO-NU-0220,DMO-MC-0220,NUSAPAY,bank_transfer,AUTHORIZED,IDR,,
DMO-SI-0221,DMO-MC-0221,SIAMLINK,bank_transfer,AUTHORIZED,THB,,
DMO-ME-0222,DMO-MC-0222,MEKONGPAY,bank_transfer,AUTHORIZED,VND,,
DMO-NU-0223,DMO-MC-0223,NUSAPAY,e_wallet,AUTHORIZED,IDR,,
DMO-SI-0224,DMO-MC-0224,SIAMLINK,e_wallet,AUTHORIZED,THB,,
DMO-ME-0225,DMO-MC-0225,MEKONGPAY,e_wallet,AUTHORIZED,VND,,
DMO-NU-0226,DMO-MC-0226,NUSAPAY,credit_card,AUTHORIZED,IDR,,
DMO-SI-0227,DMO-MC-0227,SIAMLINK,credit_card,AUTHORIZED,THB,,
DMO-ME-0228,DMO-MC-0228,MEKONGPAY,credit_card,AUTHORIZED,VND,,
DMO-NU-0229,DMO-MC-0229,NUSAPAY,bank_transfer,AUTHORIZED,IDR,,
DMO-SI-0230,DMO-MC-0230,SIAMLINK,bank_transfer,AUTHORIZED,THB,,
DMO-ME-0231,DMO-MC-0231,MEKONGPAY,bank_transfer,AUTHORIZED,VND,,
DMO-NU-0232,DMO-MC-0232,NUSAPAY,e_wallet,AUTHORIZED,IDR,,
DMO-SI-0233,DMO-MC-0233,SIAMLINK,e_wallet,AUTHORIZED,THB,,
DMO-ME-0234,DMO-MC-0234,MEKONGPAY,e_wallet,AUTHORIZED,VND,,
DMO-NU-0235,DMO-MC-0235,NUSAPAY,credit_card,AUTHORIZED,IDR,,
DMO-SI-0236,DMO-MC-0236,SIAMLINK,credit_card,AUTHORIZED,THB,,
DMO-ME-0237,DMO-MC-0237,MEKONGPAY,credit_card,CANCELLED,VND,,
DMO-NU-0238,DMO-MC-0238,NUSAPAY,bank_transfer,CANCELLED,IDR,,
DMO-SI-0239,DMO-MC-0239,SIAMLINK,bank_transfer,CANCELLED,THB,,
DMO-ME-0240,DMO-MC-0240,MEKONGPAY,bank_transfer,CANCELLED,VND,,
DMO-NU-0241,DMO-MC-0241,NUSAPAY,e_wallet,CANCELLED,IDR,,
DMO-SI-0242,DMO-MC-0242,SIAMLINK,e_wallet,CANCELLED,THB,,
DMO-ME-0243,DMO-MC-0243,MEKONGPAY,e_wallet,CANCELLED,VND,,
DMO-NU-0244,DMO-MC-0244,NUSAPAY,credit_card,CANCELLED,IDR,,
DMO-SI-0245,DMO-MC-0245,SIAMLINK,credit_card,CANCELLED,THB,,
DMO-ME-0246,DMO-MC-0246,MEKONGPAY,credit_card,CANCELLED,VND,,
DMO-NU-0247,DMO-MC-0247,NUSAPAY,bank_transfer,CANCELLED,IDR,,
DMO-SI-0248,DMO-MC-0248,SIAMLINK,bank_transfer,CANCELLED,THB,,
DMO-ME-0249,DMO-MC-0249,MEKONGPAY,bank_transfer,CANCELLED,VND,,
DMO-NU-0250,DMO-MC-0250,NUSAPAY,e_wallet,CANCELLED,IDR,,
DMO-SI-0251,DMO-MC-0251,SIAMLINK,e_wallet,CANCELLED,THB,,
DMO-ME-0252,DMO-MC-0252,MEKONGPAY,e_wallet,CANCELLED,VND,,
DMO-NU-0253,DMO-MC-0253,NUSAPAY,credit_card,CANCELLED,IDR,,
DMO-SI-0254,DMO-MC-0254,SIAMLINK,credit_card,CANCELLED,THB,,
DMO-ME-0255,DMO-MC-0255,MEKONGPAY,credit_card,CANCELLED,VND,,
DMO-NU-0256,DMO-MC-0256,NUSAPAY,bank_transfer,CANCELLED,IDR,,
DMO-SI-0257,DMO-MC-0257,SIAMLINK,bank_transfer,CANCELLED,THB,,
DMO-ME-0258,DMO-MC-0258,MEKONGPAY,bank_transfer,CANCELLED,VND,,
DMO-NU-0259,DMO-MC-0259,NUSAPAY,e_wallet,CANCELLED,IDR,,
DMO-SI-0260,DMO-MC-0260,SIAMLINK,e_wallet,CANCELLED,THB,,
DMO-ME-0261,DMO-MC-0261,MEKONGPAY,e_wallet,CANCELLED,VND,,
DMO-NU-0262,DMO-MC-0262,NUSAPAY,credit_card,CANCELLED,IDR,,
DMO-SI-0263,DMO-MC-0263,SIAMLINK,credit_card,CANCELLED,THB,,
DMO-ME-0264,DMO-MC-0264,MEKONGPAY,credit_card,CANCELLED,VND,,
DMO-NU-0265,DMO-MC-0265,NUSAPAY,bank_transfer,CANCELLED,IDR,,
DMO-SI-0266,DMO-MC-0266,SIAMLINK,bank_transfer,CANCELLED,THB,,
DMO-ME-0267,DMO-MC-0267,MEKONGPAY,bank_transfer,CANCELLED,VND,,
DMO-NU-0268,DMO-MC-0268,NUSAPAY,e_wallet,CANCELLED,IDR,,
DMO-SI-0269,DMO-MC-0269,SIAMLINK,e_wallet,CANCELLED,THB,,
DMO-ME-0270,DMO-MC-0270,MEKONGPAY,e_wallet,CANCELLED,VND,,
DMO-NU-0271,DMO-MC-0271,NUSAPAY,credit_card,CANCELLED,IDR,,
DMO-SI-0272,DMO-MC-0272,SIAMLINK,credit_card,CANCELLED,THB,,
DMO-ME-0273,DMO-MC-0273,MEKONGPAY,credit_card,CANCELLED,VND,,
DMO-NU-0274,DMO-MC-0274,NUSAPAY,bank_transfer,CANCELLED,IDR,,
DMO-SI-0275,DMO-MC-0275,SIAMLINK,bank_transfer,CANCELLED,THB,,
DMO-ME-0276,DMO-MC-0276,MEKONGPAY,bank_transfer,CANCELLED,VND,,
DMO-NU-0277,DMO-MC-0277,NUSAPAY,e_wallet,CANCELLED,IDR,,
DMO-SI-0278,DMO-MC-0278,SIAMLINK,e_wallet,CANCELLED,THB,,
DMO-ME-0279,DMO-MC-0279,MEKONGPAY,e_wallet,CANCELLED,VND,,
DMO-NU-0280,DMO-MC-0280,NUSAPAY,credit_card,CANCELLED,IDR,,
DMO-SI-0281,DMO-MC-0281,SIAMLINK,credit_card,CANCELLED,THB,,
DMO-ME-0282,DMO-MC-0282,MEKONGPAY,credit_card,CANCELLED,VND,,
DMO-NU-0283,DMO-MC-0283,NUSAPAY,bank_transfer,CANCELLED,IDR,,
DMO-SI-0284,DMO-MC-0284,SIAMLINK,bank_transfer,CANCELLED,THB,,
DMO-ME-0285,DMO-MC-0285,MEKONGPAY,bank_transfer,CANCELLED,VND,,
DMO-NU-0286,DMO-MC-0286,NUSAPAY,e_wallet,CANCELLED,IDR,,
DMO-SI-0287,DMO-MC-0287,SIAMLINK,e_wallet,CANCELLED,THB,,
DMO-ME-0288,DMO-MC-0288,MEKONGPAY,e_wallet,CANCELLED,VND,,
DMO-NU-0289,DMO-MC-0289,NUSAPAY,credit_card,CANCELLED,IDR,,
DMO-SI-0290,DMO-MC-0290,SIAMLINK,credit_card,CANCELLED,THB,,
DMO-ME-0291,DMO-MC-0291,MEKONGPAY,credit_card,CANCELLED,VND,,
DMO-NU-0292,DMO-MC-0292,NUSAPAY,bank_transfer,CANCELLED,IDR,,
DMO-SI-0293,DMO-MC-0293,SIAMLINK,bank_transfer,CANCELLED,THB,,
DMO-ME-0294,DMO-MC-0294,MEKONGPAY,bank_transfer,CANCELLED,VND,,
DMO-NU-0295,DMO-MC-0295,NUSAPAY,e_wallet,CANCELLED,IDR,,
DMO-SI-0296,DMO-MC-0296,SIAMLINK,e_wallet,CANCELLED,THB,,
DMO-NU-0297,DMO-MC-0297,NUSAPAY,credit_card,CAPTURED,IDR,47428271,2026-07-19T09:00:00.000Z
DMO-SI-0298,DMO-MC-0298,SIAMLINK,bank_transfer,CAPTURED,THB,395077,2026-07-16T09:00:00.000Z
DMO-ME-0299,DMO-MC-0299,MEKONGPAY,credit_card,CAPTURED,VND,16950207,2026-07-29T09:00:00.000Z
DMO-ME-0300,DMO-MC-0300,MEKONGPAY,credit_card,CAPTURED,VND,16950207,2026-07-28T09:00:00.000Z
